<?xml version="1.0" encoding="UTF-8"?>
<jcr:root xmlns:sling="http://sling.apache.org/jcr/sling/1.0" xmlns:granite="http://www.adobe.com/jcr/granite/1.0" xmlns:cq="http://www.day.com/jcr/cq/1.0" xmlns:jcr="http://www.jcp.org/jcr/1.0" xmlns:nt="http://www.jcp.org/jcr/nt/1.0"
    jcr:primaryType="nt:unstructured"
    jcr:title="Properties"
    sling:resourceType="cq/gui/components/authoring/dialog"
    extraClientlibs="[cq.validation]">
    <content
        jcr:primaryType="nt:unstructured"
        sling:resourceType="granite/ui/components/coral/foundation/container">
        <items jcr:primaryType="nt:unstructured">
            <tabs
                jcr:primaryType="nt:unstructured"
                sling:resourceType="granite/ui/components/coral/foundation/tabs"
                maximized="{Boolean}true">
                <items jcr:primaryType="nt:unstructured">
                    <column
                        jcr:primaryType="nt:unstructured"
                        sling:resourceType="granite/ui/components/coral/foundation/fixedcolumns">
                        <items jcr:primaryType="nt:unstructured">
                            <columns
                                jcr:primaryType="nt:unstructured"
                                sling:resourceType="granite/ui/components/coral/foundation/container">
                                <items jcr:primaryType="nt:unstructured">
                                    <title
                                        jcr:primaryType="nt:unstructured"
                                        sling:resourceType="granite/ui/components/coral/foundation/form/textfield"
                                        fieldLabel="Title"
                                        name="./title"
                                        validation="regex.validation"/>
                                    <Multifield
                                        jcr:primaryType="nt:unstructured"
                                        sling:resourceType="granite/ui/components/coral/foundation/form/multifield"
                                        composite="{Boolean}true"
                                        fieldLabel="MultiFIeld">
                                        <field
                                            jcr:primaryType="nt:unstructured"
                                            sling:resourceType="granite/ui/components/coral/foundation/container"
                                            name="./multifield">
                                            <items jcr:primaryType="nt:unstructured">
                                                <column
                                                    jcr:primaryType="nt:unstructured"
                                                    sling:resourceType="granite/ui/components/coral/foundation/container">
                                                    <items jcr:primaryType="nt:unstructured">
                                                        <imagetitle
                                                            jcr:primaryType="nt:unstructured"
                                                            sling:resourceType="granite/ui/components/coral/foundation/form/textfield"
                                                            fieldDescription="Enter a Title for the Image"
                                                            fieldLabel="Image Title"
                                                            name="./imagetitle"
                                                            required="{Boolean}true"/>
                                                        <image
                                                            jcr:primaryType="nt:unstructured"
                                                            sling:resourceType="cq/gui/components/authoring/dialog/fileupload"
                                                            autoStart="{Boolean}false"
                                                            class="cq-droptarget"
                                                            fileNameParameter="./imagename"
                                                            fileReferenceParameter="./image"
                                                            mimeTypes="[image/gif,image/jpeg,image/png,image/tiff,image/svg+xml]"
                                                            multiple="{Boolean}false"
                                                            name="./file"
                                                            title="Upload Image Asset"
                                                            uploadUrl="${suffix.path}"
                                                            useHTML5="{Boolean}true"/>
                                                    </items>
                                                </column>
                                            </items>
                                        </field>
                                        <granite:data
                                            jcr:primaryType="nt:unstructured"
                                            max-item="4"
                                            min-item="1"/>
                                    </Multifield>
                                </items>
                            </columns>
                        </items>
                    </column>
                </items>
            </tabs>
        </items>
    </content>
</jcr:root>
