<?xml version="1.0" encoding="UTF-8"?>
<jcr:root xmlns:sling="http://sling.apache.org/jcr/sling/1.0" xmlns:cq="http://www.day.com/jcr/cq/1.0" xmlns:jcr="http://www.jcp.org/jcr/1.0" xmlns:nt="http://www.jcp.org/jcr/nt/1.0"
    jcr:primaryType="cq:Page">
    <jcr:content
        cq:allowedTemplates="[/conf/united-strangers/settings/wcm/templates/child-page,/conf/united-strangers/settings/wcm/templates/content-page]"
        cq:isTransCreated="{Boolean}true"
        cq:lastModified="{Date}2022-08-20T23:54:37.965+05:30"
        cq:lastModifiedBy="admin"
        cq:lastTranslationUpdate="{Date}2022-08-20T23:54:37.965+05:30"
        cq:styleIds="[1661012169387]"
        cq:tags="[unitedstrangers:colour/blue,unitedstrangers:festivals/rakshabandhan,unitedstrangers:colour/yellow,unitedstrangers:colour/white]"
        cq:template="/conf/united-strangers/settings/wcm/templates/home"
        cq:translationJob="[/content/projects/case_study/case_study/jcr:content/dashboard/gadgets/translationjob]"
        cq:translationSourcePath="/content/united-strangers/language-masters/en/Requirements"
        cq:translationStatus="DRAFT"
        jcr:primaryType="cq:PageContent"
        jcr:title="HOME PAGE"
        sling:resourceType="united-strangers/components/page"
        navTitle="HOME"
        pwaCachestrategy="staleWhileRevalidate"
        pwaDisplay="standalone"
        pwaOrientation="any">
        <root
            jcr:primaryType="nt:unstructured"
            sling:resourceType="united-strangers/components/container"
            layout="responsiveGrid">
            <container
                jcr:primaryType="nt:unstructured"
                sling:resourceType="united-strangers/components/container"
                layout="responsiveGrid">
                <carouselpractice
                    jcr:created="{Date}2022-08-18T01:37:34.971+05:30"
                    jcr:createdBy="admin"
                    jcr:lastModified="{Date}2022-08-18T01:38:23.606+05:30"
                    jcr:lastModifiedBy="admin"
                    jcr:primaryType="nt:unstructured"
                    sling:resourceType="united-strangers/components/carouselpractice">
                    <multifield jcr:primaryType="nt:unstructured">
                        <item0
                            jcr:primaryType="nt:unstructured"
                            image="/content/dam/united-strangers/assets/Cognizant Human.jpg"
                            imagetext="text1"/>
                        <item1
                            jcr:primaryType="nt:unstructured"
                            image="/content/dam/united-strangers/movie/Inception.jpg"
                            imagetext="text2"/>
                    </multifield>
                </carouselpractice>
                <list
                    jcr:created="{Date}2022-08-20T17:40:53.523+05:30"
                    jcr:createdBy="admin"
                    jcr:lastModified="{Date}2022-08-20T17:41:19.506+05:30"
                    jcr:lastModifiedBy="admin"
                    jcr:primaryType="nt:unstructured"
                    sling:resourceType="core/wcm/components/list/v2/list"
                    childDepth="1"
                    linkItems="false"
                    listFrom="tags"
                    showDescription="false"
                    showModificationDate="false"
                    sortOrder="asc"
                    tags="[unitedstrangers:colour/blue]"
                    tagsMatch="any"
                    tagsSearchRoot="/content/united-strangers"/>
                <list_722217834
                    jcr:created="{Date}2022-08-20T17:40:58.615+05:30"
                    jcr:createdBy="admin"
                    jcr:lastModified="{Date}2022-08-20T17:40:58.615+05:30"
                    jcr:lastModifiedBy="admin"
                    jcr:primaryType="nt:unstructured"
                    sling:resourceType="core/wcm/components/list/v3/list"/>
                <container
                    jcr:primaryType="nt:unstructured"
                    sling:resourceType="united-strangers/components/container">
                    <responsivegrid
                        jcr:created="{Date}2022-08-20T21:25:15.009+05:30"
                        jcr:createdBy="admin"
                        jcr:lastModified="{Date}2022-08-20T21:25:15.009+05:30"
                        jcr:lastModifiedBy="admin"
                        jcr:primaryType="nt:unstructured"
                        sling:resourceType="wcm/foundation/components/responsivegrid">
                        <cq:responsive jcr:primaryType="nt:unstructured"/>
                    </responsivegrid>
                </container>
            </container>
        </root>
        <cq:featuredimage
            jcr:lastModified="{Date}2022-08-20T17:28:22.983+05:30"
            jcr:lastModifiedBy="admin"
            jcr:primaryType="nt:unstructured"
            sling:resourceType="core/wcm/components/image/v3/image"
            altValueFromDAM="true"/>
    </jcr:content>
    <touchui/>
    <htl/>
    <sling/>
    <clientlibsdemo/>
    <osgi/>
    <resourcetypeservlet/>
</jcr:root>
