<?xml version="1.0" encoding="UTF-8"?>
<jcr:root xmlns:sling="http://sling.apache.org/jcr/sling/1.0" xmlns:cq="http://www.day.com/jcr/cq/1.0" xmlns:jcr="http://www.jcp.org/jcr/1.0" xmlns:nt="http://www.jcp.org/jcr/nt/1.0"
    jcr:primaryType="nt:unstructured"
    jcr:title="Details"
    sling:resourceType="cq/gui/components/authoring/dialog">
    <content
        jcr:primaryType="nt:unstructured"
        sling:resourceType="granite/ui/components/coral/foundation/container">
        <items jcr:primaryType="nt:unstructured">
            <columns
                jcr:primaryType="nt:unstructured"
                sling:resourceType="granite/ui/components/coral/foundation/fixedcolumns">
                <items jcr:primaryType="nt:unstructured">
                    <column
                        jcr:primaryType="nt:unstructured"
                        sling:resourceType="granite/ui/components/coral/foundation/container">
                        <items jcr:primaryType="nt:unstructured">
                            <fname
                                jcr:primaryType="nt:unstructured"
                                sling:resourceType="granite/ui/components/coral/foundation/form/textfield"
                                fieldDescription="enter your name"
                                fieldLabel="Name"
                                name="./name"/>
                            <lname
                                jcr:primaryType="nt:unstructured"
                                sling:resourceType="granite/ui/components/coral/foundation/form/textfield"
                                fieldDescription="add your last name"
                                fieldLabel="Last Name"
                                name="./surname"/>
                            <rate
                                jcr:primaryType="nt:unstructured"
                                sling:resourceType="granite/ui/components/coral/foundation/form/numberfield"
                                fieldDescription="enter rate of Interest"
                                fieldLabel="Interest Rate"
                                name="./rate"/>
                            <time
                                jcr:primaryType="nt:unstructured"
                                sling:resourceType="granite/ui/components/coral/foundation/form/numberfield"
                                fieldDescription="add time period"
                                fieldLabel="Time Period"
                                name="./time"/>
                            <amount
                                jcr:primaryType="nt:unstructured"
                                sling:resourceType="granite/ui/components/coral/foundation/form/numberfield"
                                fieldDescription="enter principle amount"
                                fieldLabel="Amount"
                                name="./principle"/>
                            <select
                                jcr:primaryType="nt:unstructured"
                                sling:resourceType="granite/ui/components/coral/foundation/form/select"
                                fieldDescription="Select version"
                                fieldLabel="Service Version"
                                name="./service">
                                <items jcr:primaryType="nt:unstructured">
                                    <serviceA
                                        jcr:primaryType="nt:unstructured"
                                        text="Simple Interest"
                                        value="Simple Interest"/>
                                    <serviceB
                                        jcr:primaryType="nt:unstructured"
                                        text="Compound interest"
                                        value="Compound interest"/>
                                    <none
                                        jcr:primaryType="nt:unstructured"
                                        text="none"
                                        value="none"/>
                                </items>
                            </select>
                        </items>
                    </column>
                </items>
            </columns>
        </items>
    </content>
</jcr:root>
