<?xml version="1.0" encoding="UTF-8"?>
<jcr:root xmlns:sling="http://sling.apache.org/jcr/sling/1.0" xmlns:cq="http://www.day.com/jcr/cq/1.0" xmlns:jcr="http://www.jcp.org/jcr/1.0" xmlns:nt="http://www.jcp.org/jcr/nt/1.0"
    jcr:primaryType="nt:unstructured"
    jcr:title="Properties"
    sling:resourceType="cq/gui/components/authoring/dialog">
    <content
        jcr:primaryType="nt:unstructured"
        sling:resourceType="granite/ui/components/coral/foundation/container">
        <items jcr:primaryType="nt:unstructured">
            <tabs
                jcr:primaryType="nt:unstructured"
                sling:resourceType="granite/ui/components/coral/foundation/tabs">
                <items jcr:primaryType="nt:unstructured">
                    <column
                        jcr:primaryType="nt:unstructured"
                        jcr:title="Blocks"
                        sling:resourceType="granite/ui/components/coral/foundation/container">
                        <items jcr:primaryType="nt:unstructured">
                            <columns
                                jcr:primaryType="nt:unstructured"
                                sling:resourceType="granite/ui/components/coral/foundation/container">
                                <items jcr:primaryType="nt:unstructured">
                                    <text
                                        jcr:primaryType="nt:unstructured"
                                        sling:resourceType="granite/ui/components/coral/foundation/form/select"
                                        emptyText="select from choice"
                                        fieldDescription="select from here"
                                        fieldLabel="SELECT BLOCK SELECTOR"
                                        multiple="{Boolean}false"
                                        name="./blocks"
                                        ordered="{Boolean}true"
                                        required="{Boolean}false">
                                        <items jcr:primaryType="nt:unstructured">
                                            <element
                                                jcr:primaryType="nt:unstructured"
                                                text="Element"
                                                value="element.html"/>
                                            <include
                                                jcr:primaryType="nt:unstructured"
                                                text="Include"
                                                value="include.html"/>
                                            <list
                                                jcr:primaryType="nt:unstructured"
                                                text="list"
                                                value="list.html"/>
                                            <repeat
                                                jcr:primaryType="nt:unstructured"
                                                text="repeat"
                                                value="repeat.html"/>
                                            <test
                                                jcr:primaryType="nt:unstructured"
                                                text="test"
                                                value="test.html"/>
                                            <newtemplate
                                                jcr:primaryType="nt:unstructured"
                                                text="newtemplate"
                                                value="newtemplate.html"/>
                                            <text
                                                jcr:primaryType="nt:unstructured"
                                                text="text"
                                                value="text.html"/>
                                            <use
                                                jcr:primaryType="nt:unstructured"
                                                text="use"
                                                value="use.html"/>
                                            <htlblocks
                                                jcr:primaryType="nt:unstructured"
                                                text="htlblocks"
                                                value="htlblocks.html"/>
                                            <unwrap
                                                jcr:primaryType="nt:unstructured"
                                                text="unwrap"
                                                value="unwrap.html"/>
                                            <template
                                                jcr:primaryType="nt:unstructured"
                                                text="template"
                                                value="template.html"/>
                                            <attribute
                                                jcr:primaryType="nt:unstructured"
                                                sling:orderBefore="element"
                                                text="Attribute"
                                                value="attribute.html"/>
                                        </items>
                                    </text>
                                    <filepath
                                        jcr:primaryType="nt:unstructured"
                                        sling:resourceType="granite/ui/components/coral/foundation/form/pathfield"
                                        fieldLabel="filepath"
                                        name="./fpath1"/>
                                </items>
                            </columns>
                        </items>
                    </column>
                    <columns
                        jcr:primaryType="nt:unstructured"
                        jcr:title="Expression"
                        sling:resourceType="granite/ui/components/coral/foundation/container">
                        <items jcr:primaryType="nt:unstructured">
                            <column
                                jcr:primaryType="nt:unstructured"
                                sling:resourceType="granite/ui/components/coral/foundation/container">
                                <items jcr:primaryType="nt:unstructured">
                                    <filepath
                                        jcr:primaryType="nt:unstructured"
                                        sling:resourceType="granite/ui/components/coral/foundation/form/pathfield"
                                        fieldLabel="filepath"
                                        name="./fpath2"/>
                                    <text
                                        jcr:primaryType="nt:unstructured"
                                        sling:orderBefore="filepath"
                                        sling:resourceType="granite/ui/components/coral/foundation/form/select"
                                        emptyText="select from choice"
                                        fieldDescription="select from here"
                                        fieldLabel="SELECT EXPRESSION STATEMENTS"
                                        multiple="{Boolean}false"
                                        name="./expression"
                                        ordered="{Boolean}true"
                                        required="{Boolean}false">
                                        <items jcr:primaryType="nt:unstructured">
                                            <literals
                                                jcr:primaryType="nt:unstructured"
                                                text="literals"
                                                value="literals.html"/>
                                            <htlexpression
                                                jcr:primaryType="nt:unstructured"
                                                text="htlexpression"
                                                value="htlexpression.html"/>
                                            <operators
                                                jcr:primaryType="nt:unstructured"
                                                text="operators"
                                                value="operators.html"/>
                                            <options
                                                jcr:primaryType="nt:unstructured"
                                                text="options"
                                                value="options.html"/>
                                            <variables
                                                jcr:primaryType="nt:unstructured"
                                                text="variables"
                                                value="variables.html"/>
                                            <urlmanipulation
                                                jcr:primaryType="nt:unstructured"
                                                text="urlmanipulation"
                                                value="urlmanipulation.html"/>
                                        </items>
                                    </text>
                                </items>
                            </column>
                        </items>
                    </columns>
                </items>
            </tabs>
        </items>
    </content>
</jcr:root>
