<?xml version="1.0" encoding="UTF-8"?>
<jcr:root xmlns:sling="http://sling.apache.org/jcr/sling/1.0" xmlns:cq="http://www.day.com/jcr/cq/1.0" xmlns:jcr="http://www.jcp.org/jcr/1.0" xmlns:nt="http://www.jcp.org/jcr/nt/1.0"
    jcr:primaryType="cq:Page">
    <jcr:content
        cq:deviceGroups="[mobile/groups/responsive]"
        cq:lastModified="{Date}2022-08-15T10:59:56.565+05:30"
        cq:lastModifiedBy="admin"
        cq:template="/conf/united-strangers/settings/wcm/templates/custom-template-type"
        jcr:primaryType="cq:PageContent"
        sling:resourceType="united-strangers/components/page">
        <root
            jcr:primaryType="nt:unstructured"
            sling:resourceType="united-strangers/components/container"
            layout="responsiveGrid">
            <title
                jcr:created="{Date}2022-08-15T10:58:50.220+05:30"
                jcr:createdBy="admin"
                jcr:lastModified="{Date}2022-08-15T10:58:50.220+05:30"
                jcr:lastModifiedBy="admin"
                jcr:primaryType="nt:unstructured"
                sling:resourceType="united-strangers/components/title">
                <cq:responsive jcr:primaryType="nt:unstructured">
                    <default
                        jcr:primaryType="nt:unstructured"
                        offset="3"
                        width="6"/>
                </cq:responsive>
            </title>
            <breadcrumb
                jcr:created="{Date}2022-08-15T10:59:36.673+05:30"
                jcr:createdBy="admin"
                jcr:lastModified="{Date}2022-08-15T10:59:36.673+05:30"
                jcr:lastModifiedBy="admin"
                jcr:primaryType="nt:unstructured"
                sling:resourceType="united-strangers/components/breadcrumb">
                <cq:responsive jcr:primaryType="nt:unstructured">
                    <default
                        jcr:primaryType="nt:unstructured"
                        offset="0"
                        width="5"/>
                </cq:responsive>
            </breadcrumb>
            <container
                jcr:primaryType="nt:unstructured"
                sling:resourceType="united-strangers/components/container"
                editable="{Boolean}true"
                layout="responsiveGrid"/>
        </root>
        <cq:responsive jcr:primaryType="nt:unstructured">
            <breakpoints jcr:primaryType="nt:unstructured">
                <phone
                    jcr:primaryType="nt:unstructured"
                    title="Smaller Screen"
                    width="{Long}768"/>
                <tablet
                    jcr:primaryType="nt:unstructured"
                    title="Tablet"
                    width="{Long}1200"/>
            </breakpoints>
        </cq:responsive>
    </jcr:content>
</jcr:root>
