<?xml version="1.0" encoding="UTF-8"?>
<jcr:root xmlns:sling="http://sling.apache.org/jcr/sling/1.0" xmlns:cq="http://www.day.com/jcr/cq/1.0" xmlns:jcr="http://www.jcp.org/jcr/1.0" xmlns:nt="http://www.jcp.org/jcr/nt/1.0"
    jcr:primaryType="cq:Page">
    <jcr:content
        cq:allowedTemplates="/conf/united-strangers/settings/wcm/templates/child-page"
        cq:isTransCreated="{Boolean}true"
        cq:lastModified="{Date}2022-08-20T23:54:39.201+05:30"
        cq:lastModifiedBy="admin"
        cq:lastTranslationUpdate="{Date}2022-08-20T23:54:39.201+05:30"
        cq:tags="[unitedstrangers:pages/text]"
        cq:template="/conf/united-strangers/settings/wcm/templates/content-page"
        cq:translationJob="[/content/projects/case_study/case_study/jcr:content/dashboard/gadgets/translationjob]"
        cq:translationSourcePath="/content/united-strangers/language-masters/en/Requirements/sling"
        cq:translationStatus="DRAFT"
        jcr:primaryType="cq:PageContent"
        jcr:title="Sling Model"
        sling:resourceType="united-strangers/components/page"
        navTitle="Sling Model"
        pwaCachestrategy="staleWhileRevalidate"
        pwaDisplay="standalone"
        pwaOrientation="any">
        <root
            jcr:primaryType="nt:unstructured"
            sling:resourceType="united-strangers/components/container"
            layout="responsiveGrid">
            <container
                jcr:primaryType="nt:unstructured"
                sling:resourceType="united-strangers/components/container"
                layout="responsiveGrid">
                <separator
                    jcr:created="{Date}2022-08-20T18:20:48.454+05:30"
                    jcr:createdBy="admin"
                    jcr:lastModified="{Date}2022-08-20T18:20:48.454+05:30"
                    jcr:lastModifiedBy="admin"
                    jcr:primaryType="nt:unstructured"
                    sling:resourceType="united-strangers/components/separator"/>
                <slingmodelresourse
                    jcr:created="{Date}2022-08-20T18:21:23.467+05:30"
                    jcr:createdBy="admin"
                    jcr:lastModified="{Date}2022-08-20T18:22:17.121+05:30"
                    jcr:lastModifiedBy="admin"
                    jcr:primaryType="nt:unstructured"
                    sling:resourceType="united-strangers/components/slingmodelresourse"
                    address="MUMBAI"
                    contactNo="8917556908"
                    country="INDIA"
                    empid="2178946"
                    gender="Male"
                    name="MUKESH"
                    surname="YADAV">
                    <product jcr:primaryType="nt:unstructured">
                        <item0
                            jcr:primaryType="nt:unstructured"
                            rate="100000"
                            text="Bike"/>
                        <item1
                            jcr:primaryType="nt:unstructured"
                            rate="300000"
                            text="car"/>
                    </product>
                </slingmodelresourse>
            </container>
        </root>
        <cq:featuredimage
            jcr:lastModified="{Date}2022-08-20T17:23:47.434+05:30"
            jcr:lastModifiedBy="admin"
            jcr:primaryType="nt:unstructured"
            sling:resourceType="core/wcm/components/image/v3/image"
            altValueFromDAM="true"/>
    </jcr:content>
    <slingmgodelrequest/>
    <slingmodelresourcerequest/>
</jcr:root>
