<?xml version="1.0" encoding="UTF-8"?>
<jcr:root xmlns:sling="http://sling.apache.org/jcr/sling/1.0" xmlns:cq="http://www.day.com/jcr/cq/1.0" xmlns:jcr="http://www.jcp.org/jcr/1.0" xmlns:nt="http://www.jcp.org/jcr/nt/1.0"
    jcr:primaryType="cq:Page">
    <jcr:content
        cq:isTransCreated="{Boolean}true"
        cq:lastModified="{Date}2022-08-20T23:54:47.832+05:30"
        cq:lastModifiedBy="admin"
        cq:lastTranslationUpdate="{Date}2022-08-20T23:54:47.832+05:30"
        cq:tags="[unitedstrangers:colour/grey,unitedstrangers:colour/white,unitedstrangers:pages,unitedstrangers:pages/movies,unitedstrangers:pages/text]"
        cq:template="/conf/united-strangers/settings/wcm/templates/child-page"
        cq:translationJob="[/content/projects/case_study/case_study/jcr:content/dashboard/gadgets/translationjob0]"
        cq:translationSourcePath="/content/united-strangers/language-masters/en/Requirements/touchui/touchuibasic"
        cq:translationStatus="DRAFT"
        jcr:primaryType="cq:PageContent"
        jcr:title="TOUCH UI BASIC"
        sling:resourceType="united-strangers/components/page"
        navTitle="TOUCHUI BASIC"
        pwaCachestrategy="staleWhileRevalidate"
        pwaDisplay="standalone"
        pwaOrientation="any">
        <root
            jcr:primaryType="nt:unstructured"
            sling:resourceType="united-strangers/components/container"
            layout="responsiveGrid">
            <container
                jcr:primaryType="nt:unstructured"
                sling:resourceType="united-strangers/components/container"
                layout="responsiveGrid">
                <imagtablist
                    jcr:created="{Date}2022-08-17T23:06:21.999+05:30"
                    jcr:createdBy="admin"
                    jcr:lastModified="{Date}2022-08-18T09:58:56.634+05:30"
                    jcr:lastModifiedBy="admin"
                    jcr:primaryType="nt:unstructured"
                    sling:resourceType="united-strangers/components/imagtablist"
                    index="Gallery">
                    <multifield jcr:primaryType="nt:unstructured">
                        <item0
                            jcr:primaryType="nt:unstructured"
                            director="SET A">
                            <nestedmultifield jcr:primaryType="nt:unstructured">
                                <item0
                                    jcr:primaryType="nt:unstructured"
                                    moviename="/content/dam/united-strangers/assets/Cognizant1.jpg"/>
                                <item1
                                    jcr:primaryType="nt:unstructured"
                                    moviename="/content/dam/united-strangers/assets/independenceday.jpg"/>
                                <item2
                                    jcr:primaryType="nt:unstructured"
                                    moviename="/content/dam/united-strangers/assets/inde.jpg"/>
                            </nestedmultifield>
                        </item0>
                        <item1
                            jcr:primaryType="nt:unstructured"
                            director="SET B">
                            <nestedmultifield jcr:primaryType="nt:unstructured">
                                <item0
                                    jcr:primaryType="nt:unstructured"
                                    moviename="/content/dam/united-strangers/assets/rakshabandhan.jpg"/>
                                <item1
                                    jcr:primaryType="nt:unstructured"
                                    moviename="/content/dam/united-strangers/assets/sale2.jpg"/>
                            </nestedmultifield>
                        </item1>
                        <item2
                            jcr:primaryType="nt:unstructured"
                            director="set c">
                            <nestedmultifield jcr:primaryType="nt:unstructured">
                                <item0
                                    jcr:primaryType="nt:unstructured"
                                    moviename="/content/dam/united-strangers/movie/The WOLF OF Wall Street.jpg"/>
                                <item1
                                    jcr:primaryType="nt:unstructured"
                                    moviename="/content/dam/united-strangers/movie/The IrishMan.jpg"/>
                                <item2
                                    jcr:primaryType="nt:unstructured"
                                    moviename="/content/dam/united-strangers/movie/Endgame.jpg"/>
                            </nestedmultifield>
                        </item2>
                    </multifield>
                </imagtablist>
                <customerdetails
                    jcr:created="{Date}2022-08-20T00:42:54.567+05:30"
                    jcr:createdBy="admin"
                    jcr:lastModified="{Date}2022-08-20T20:00:17.514+05:30"
                    jcr:lastModifiedBy="admin"
                    jcr:primaryType="nt:unstructured"
                    sling:resourceType="united-strangers/components/customerdetails"
                    brand="USER NO:1"
                    contactnumber="9439012724"
                    customeraddress="Cognizant Solutions, kolkata"
                    customername="NAZIA IRFAN"
                    estimateddateofdelivery="{Date}2022-08-17T00:00:00.000+05:30"
                    membership="on"
                    ott="netflix"
                    password="$&amp;hjkils"
                    payment="true"
                    searchPath="/content/dam/united-strangers/User.png"/>
            </container>
        </root>
        <cq:featuredimage
            jcr:lastModified="{Date}2022-08-20T17:21:13.987+05:30"
            jcr:lastModifiedBy="admin"
            jcr:primaryType="nt:unstructured"
            sling:resourceType="core/wcm/components/image/v3/image"
            altValueFromDAM="false"/>
    </jcr:content>
</jcr:root>
