<?xml version="1.0" encoding="UTF-8"?>
<jcr:root xmlns:sling="http://sling.apache.org/jcr/sling/1.0" xmlns:granite="http://www.adobe.com/jcr/granite/1.0" xmlns:cq="http://www.day.com/jcr/cq/1.0" xmlns:jcr="http://www.jcp.org/jcr/1.0" xmlns:nt="http://www.jcp.org/jcr/nt/1.0"
    jcr:primaryType="nt:unstructured"
    jcr:title="Multifield Component"
    sling:resourceType="cq/gui/components/authoring/dialog"
    extraClientlibs="[cq.validation]">
    <content
        jcr:primaryType="nt:unstructured"
        sling:resourceType="granite/ui/components/coral/foundation/container">
        <items jcr:primaryType="nt:unstructured">
            <multifield
                jcr:primaryType="nt:unstructured"
                sling:resourceType="granite/ui/components/coral/foundation/form/multifield"
                composite="{Boolean}true"
                fieldLabel="Multifield">
                <field
                    jcr:primaryType="nt:unstructured"
                    sling:resourceType="granite/ui/components/coral/foundation/container"
                    name="./multifield">
                    <items jcr:primaryType="nt:unstructured">
                        <column
                            jcr:primaryType="nt:unstructured"
                            sling:resourceType="granite/ui/components/coral/foundation/container">
                            <items jcr:primaryType="nt:unstructured">
                                <fieldname
                                    jcr:primaryType="nt:unstructured"
                                    sling:resourceType="granite/ui/components/coral/foundation/form/textfield"
                                    emptyText="Enter a Name"
                                    fieldLabel="ENTER THE TYPE OF IMAGE"
                                    name="./fieldname"
                                    required="{Boolean}true"
                                    validation="regex.validation"/>
                                <interiorfield
                                    jcr:primaryType="nt:unstructured"
                                    sling:resourceType="granite/ui/components/coral/foundation/form/multifield"
                                    composite="{Boolean}true"
                                    fieldLabel="Nested multifield">
                                    <field
                                        jcr:primaryType="nt:unstructured"
                                        sling:resourceType="granite/ui/components/coral/foundation/container"
                                        name="./nestedmultifield">
                                        <items jcr:primaryType="nt:unstructured">
                                            <column
                                                jcr:primaryType="nt:unstructured"
                                                sling:resourceType="granite/ui/components/coral/foundation/container">
                                                <items jcr:primaryType="nt:unstructured">
                                                    <image
                                                        jcr:primaryType="nt:unstructured"
                                                        sling:resourceType="cq/gui/components/authoring/dialog/fileupload"
                                                        autoStart="{Boolean}false"
                                                        class="cq-droptarget"
                                                        fileNameParameter="./imagename"
                                                        fileReferenceParameter="./imagename"
                                                        mimeTypes="[image/gif,image/jpeg,image/png,image/tiff,image/svg+xml]"
                                                        multiple="{Boolean}false"
                                                        name="./file"
                                                        title="Upload Image Asset"
                                                        uploadUrl="${suffix.path}"
                                                        useHTML5="{Boolean}true"/>
                                                </items>
                                            </column>
                                        </items>
                                    </field>
                                    <granite:data
                                        jcr:primaryType="nt:unstructured"
                                        max-item="7"
                                        min-item="1"/>
                                </interiorfield>
                            </items>
                        </column>
                    </items>
                </field>
                <granite:data
                    jcr:primaryType="nt:unstructured"
                    max-item="7"
                    min-item="1"/>
            </multifield>
            <TextFIeld
                jcr:primaryType="nt:unstructured"
                sling:orderBefore="multifield"
                sling:resourceType="granite/ui/components/coral/foundation/form/textfield"
                fieldLabel="GALLARY NAME"
                name="./index"
                validation="regex.validation"/>
        </items>
    </content>
</jcr:root>
