<?xml version="1.0" encoding="UTF-8"?>
<jcr:root xmlns:sling="http://sling.apache.org/jcr/sling/1.0" xmlns:cq="http://www.day.com/jcr/cq/1.0" xmlns:jcr="http://www.jcp.org/jcr/1.0"
    jcr:lastModified="{Date}2022-08-18T12:17:09.274+05:30"
    jcr:lastModifiedBy="admin"
    jcr:primaryType="cq:Tag"
    jcr:title="Colours"
    sling:resourceType="cq/tagging/components/tag">
    <green/>
    <black/>
    <blue/>
    <orange/>
    <yellow/>
    <red/>
    <white/>
    <grey/>
    <pink/>
</jcr:root>
