<?xml version="1.0" encoding="UTF-8"?>
<jcr:root xmlns:sling="http://sling.apache.org/jcr/sling/1.0" xmlns:cq="http://www.day.com/jcr/cq/1.0" xmlns:jcr="http://www.jcp.org/jcr/1.0" xmlns:rep="internal"
    jcr:mixinTypes="[rep:AccessControllable]"
    jcr:primaryType="sling:OrderedFolder">
    <cq:graphql/>
    <rep:policy/>
    <dam/>
    <campaigns/>
    <projects/>
    <experience-fragments/>
    <cq:tags/>
    <usergenerated/>
    <launches/>
    <united-strangers/>
    <demo-project/>
    <genc-new/>
    <wknd/>
</jcr:root>
