<?xml version="1.0" encoding="UTF-8"?>
<jcr:root xmlns:sling="http://sling.apache.org/jcr/sling/1.0" xmlns:cq="http://www.day.com/jcr/cq/1.0" xmlns:jcr="http://www.jcp.org/jcr/1.0" xmlns:nt="http://www.jcp.org/jcr/nt/1.0"
    jcr:primaryType="cq:Page">
    <jcr:content
        cq:lastModified="{Date}2022-08-21T13:52:24.491+05:30"
        cq:lastModifiedBy="admin"
        cq:tags="[unitedstrangers:sports,unitedstrangers:nature,unitedstrangers:gadgets,unitedstrangers:vehicles/cars,unitedstrangers:vehicles/bikes,unitedstrangers:livingbeings/animals,unitedstrangers:colour,unitedstrangers:colour/blue,unitedstrangers:colour/green,unitedstrangers:colour/black,unitedstrangers:pages/images]"
        cq:template="/conf/united-strangers/settings/wcm/templates/child-page"
        jcr:primaryType="cq:PageContent"
        jcr:title="IMAGE GALLERY"
        sling:resourceType="united-strangers/components/page"
        pwaCachestrategy="staleWhileRevalidate"
        pwaDisplay="standalone"
        pwaOrientation="any">
        <root
            jcr:primaryType="nt:unstructured"
            sling:resourceType="united-strangers/components/container"
            layout="responsiveGrid">
            <container
                jcr:primaryType="nt:unstructured"
                sling:resourceType="united-strangers/components/container"
                layout="responsiveGrid">
                <imagfiltergallery
                    jcr:created="{Date}2022-08-21T13:43:36.415+05:30"
                    jcr:createdBy="admin"
                    jcr:lastModified="{Date}2022-08-21T13:52:24.455+05:30"
                    jcr:lastModifiedBy="admin"
                    jcr:primaryType="nt:unstructured"
                    sling:resourceType="united-strangers/components/imagfiltergallery"
                    index="GALLERY">
                    <multifield jcr:primaryType="nt:unstructured">
                        <item0
                            jcr:primaryType="nt:unstructured"
                            fieldname="SPORTS">
                            <nestedmultifield jcr:primaryType="nt:unstructured">
                                <item0
                                    jcr:primaryType="nt:unstructured"
                                    imagename="/content/dam/united-strangers/assets/cyclling.jpg"/>
                                <item1
                                    jcr:primaryType="nt:unstructured"
                                    imagename="/content/dam/united-strangers/assets/cricket2.jpg"/>
                                <item2
                                    jcr:primaryType="nt:unstructured"
                                    imagename="/content/dam/united-strangers/assets/golf.jpg"/>
                            </nestedmultifield>
                        </item0>
                        <item1
                            jcr:primaryType="nt:unstructured"
                            fieldname="BIKES">
                            <nestedmultifield jcr:primaryType="nt:unstructured">
                                <item0
                                    jcr:primaryType="nt:unstructured"
                                    imagename="/content/dam/united-strangers/assets/bike1.jpg"/>
                                <item1
                                    jcr:primaryType="nt:unstructured"
                                    imagename="/content/dam/united-strangers/assets/bike4.jpg"/>
                                <item2
                                    jcr:primaryType="nt:unstructured"
                                    imagename="/content/dam/united-strangers/assets/bike5.jpg"/>
                                <item3
                                    jcr:primaryType="nt:unstructured"
                                    imagename="/content/dam/united-strangers/assets/bike2.jpg"/>
                            </nestedmultifield>
                        </item1>
                        <item2
                            jcr:primaryType="nt:unstructured"
                            fieldname="CARS">
                            <nestedmultifield jcr:primaryType="nt:unstructured">
                                <item0
                                    jcr:primaryType="nt:unstructured"
                                    imagename="/content/dam/united-strangers/assets/car4.jpg"/>
                                <item1
                                    jcr:primaryType="nt:unstructured"
                                    imagename="/content/dam/united-strangers/assets/Racer Cognizant.jpg"/>
                                <item2
                                    jcr:primaryType="nt:unstructured"
                                    imagename="/content/dam/united-strangers/assets/car1.jpg"/>
                            </nestedmultifield>
                        </item2>
                        <item3
                            jcr:primaryType="nt:unstructured"
                            fieldname="Gadgets">
                            <nestedmultifield jcr:primaryType="nt:unstructured">
                                <item0
                                    jcr:primaryType="nt:unstructured"
                                    imagename="/content/dam/united-strangers/assets/gadget4.jpg"/>
                                <item1
                                    jcr:primaryType="nt:unstructured"
                                    imagename="/content/dam/united-strangers/assets/gadget1.jpg"/>
                                <item2
                                    jcr:primaryType="nt:unstructured"
                                    imagename="/content/dam/united-strangers/assets/gun5.jpg"/>
                            </nestedmultifield>
                        </item3>
                        <item4
                            jcr:primaryType="nt:unstructured"
                            fieldname="NATURE">
                            <nestedmultifield jcr:primaryType="nt:unstructured">
                                <item0
                                    jcr:primaryType="nt:unstructured"
                                    imagename="/content/dam/united-strangers/assets/nature5.jpg"/>
                                <item1
                                    jcr:primaryType="nt:unstructured"
                                    imagename="/content/dam/united-strangers/assets/nature3.jpg"/>
                            </nestedmultifield>
                        </item4>
                        <item5
                            jcr:primaryType="nt:unstructured"
                            fieldname="ANIMALS">
                            <nestedmultifield jcr:primaryType="nt:unstructured">
                                <item0
                                    jcr:primaryType="nt:unstructured"
                                    imagename="/content/dam/united-strangers/assets/animal3.jpg"/>
                                <item1
                                    jcr:primaryType="nt:unstructured"
                                    imagename="/content/dam/united-strangers/assets/animal1.jpg"/>
                                <item2
                                    jcr:primaryType="nt:unstructured"
                                    imagename="/content/dam/united-strangers/assets/animal2.jpg"/>
                                <item3
                                    jcr:primaryType="nt:unstructured"
                                    imagename="/content/dam/united-strangers/assets/animal5.jpg"/>
                            </nestedmultifield>
                        </item5>
                    </multifield>
                </imagfiltergallery>
            </container>
        </root>
        <cq:featuredimage
            jcr:lastModified="{Date}2022-08-20T17:22:01.921+05:30"
            jcr:lastModifiedBy="admin"
            jcr:primaryType="nt:unstructured"
            sling:resourceType="core/wcm/components/image/v3/image"
            altValueFromDAM="false"/>
    </jcr:content>
</jcr:root>
