<?xml version="1.0" encoding="UTF-8"?>
<jcr:root xmlns:sling="http://sling.apache.org/jcr/sling/1.0" xmlns:cq="http://www.day.com/jcr/cq/1.0" xmlns:jcr="http://www.jcp.org/jcr/1.0" xmlns:nt="http://www.jcp.org/jcr/nt/1.0"
    jcr:primaryType="nt:unstructured"
    jcr:title="Properties"
    sling:resourceType="cq/gui/components/authoring/dialog">
    <content
        jcr:primaryType="nt:unstructured"
        sling:resourceType="granite/ui/components/coral/foundation/container">
        <items jcr:primaryType="nt:unstructured">
            <column
                jcr:primaryType="nt:unstructured"
                sling:resourceType="granite/ui/components/coral/foundation/fixedcolumns">
                <items jcr:primaryType="nt:unstructured">
                    <columns
                        jcr:primaryType="nt:unstructured"
                        sling:resourceType="granite/ui/components/coral/foundation/container">
                        <items jcr:primaryType="nt:unstructured">
                            <customerdetails
                                jcr:primaryType="nt:unstructured"
                                sling:resourceType="granite/ui/components/coral/foundation/form/radiogroup"
                                fieldDescription="Which standard age you belongs to?"
                                fieldLabel="Which age criteria you belongs  ?"
                                name="./person"
                                required="{Boolean}true"
                                vertical="{Boolean}true">
                                <items jcr:primaryType="nt:unstructured">
                                    <child
                                        jcr:primaryType="nt:unstructured"
                                        text="Under 18"
                                        value="Under 18"/>
                                    <adult
                                        jcr:primaryType="nt:unstructured"
                                        text="Above 18"
                                        value="Above 18"/>
                                    <seniorcitizen
                                        jcr:primaryType="nt:unstructured"
                                        text="Senior Citizen"
                                        value="Senior Citizen"/>
                                </items>
                            </customerdetails>
                        </items>
                    </columns>
                </items>
            </column>
        </items>
    </content>
</jcr:root>
