<?xml version="1.0" encoding="UTF-8"?>
<jcr:root xmlns:jcr="http://www.jcp.org/jcr/1.0" xmlns:nt="http://www.jcp.org/jcr/nt/1.0"
    jcr:primaryType="nt:unstructured">
    <INDIA jcr:primaryType="nt:unstructured"/>
    <AMERICA jcr:primaryType="nt:unstructured"/>
    <ENGLAND jcr:primaryType="nt:unstructured"/>
    <AUSTRALIA jcr:primaryType="nt:unstructured"/>
    <CHINA jcr:primaryType="nt:unstructured"/>
    <CANADA jcr:primaryType="nt:unstructured"/>
    <IRAN jcr:primaryType="nt:unstructured"/>
    <NEW_x0020_ZEALAND jcr:primaryType="nt:unstructured"/>
</jcr:root>
