<?xml version="1.0" encoding="UTF-8"?>
<jcr:root xmlns:sling="http://sling.apache.org/jcr/sling/1.0" xmlns:cq="http://www.day.com/jcr/cq/1.0" xmlns:jcr="http://www.jcp.org/jcr/1.0" xmlns:nt="http://www.jcp.org/jcr/nt/1.0"
    jcr:primaryType="cq:Page">
    <jcr:content
        cq:lastModified="{Date}2022-08-19T09:49:49.636+05:30"
        cq:lastModifiedBy="admin"
        cq:tags="[experience-fragments:variation/web]"
        cq:template="/conf/united-strangers/settings/wcm/templates/xf-web-variation"
        cq:xfMasterVariation="{Boolean}true"
        cq:xfVariantType="web"
        jcr:description="This is a EF"
        jcr:primaryType="cq:PageContent"
        jcr:title="Custom Header"
        sling:resourceType="united-strangers/components/xfpage">
        <root
            jcr:primaryType="nt:unstructured"
            sling:resourceType="united-strangers/components/container"
            layout="responsiveGrid">
            <separator_681092825
                jcr:primaryType="nt:unstructured"
                sling:resourceType="united-strangers/components/separator"/>
            <responsivegrid
                cq:styleIds="[1660830471601]"
                jcr:created="{Date}2022-08-18T18:58:52.525+05:30"
                jcr:createdBy="admin"
                jcr:lastModified="{Date}2022-08-18T18:58:52.525+05:30"
                jcr:lastModifiedBy="admin"
                jcr:primaryType="nt:unstructured"
                sling:resourceType="wcm/foundation/components/responsivegrid">
                <cq:responsive jcr:primaryType="nt:unstructured"/>
                <container
                    jcr:created="{Date}2022-08-18T18:59:08.235+05:30"
                    jcr:createdBy="admin"
                    jcr:lastModified="{Date}2022-08-18T18:59:08.235+05:30"
                    jcr:lastModifiedBy="admin"
                    jcr:primaryType="nt:unstructured"
                    sling:resourceType="united-strangers/components/container">
                    <cq:responsive jcr:primaryType="nt:unstructured">
                        <default
                            jcr:primaryType="nt:unstructured"
                            offset="0"
                            width="2"/>
                    </cq:responsive>
                    <image
                        jcr:created="{Date}2022-08-18T19:09:45.600+05:30"
                        jcr:createdBy="admin"
                        jcr:lastModified="{Date}2022-08-19T09:49:49.545+05:30"
                        jcr:lastModifiedBy="admin"
                        jcr:primaryType="nt:unstructured"
                        sling:resourceType="united-strangers/components/image"
                        alt="UNITED STRANGERS"
                        altValueFromDAM="false"
                        displayPopupTitle="false"
                        fileReference="/content/dam/united-strangers/United strangers.png"
                        imageFromPageImage="false"
                        isDecorative="false"
                        linkTarget="_self"
                        linkURL="/content/united-strangers/language-masters/en/Requirements"
                        titleValueFromDAM="false"/>
                </container>
                <container_1647743587
                    jcr:created="{Date}2022-08-18T19:04:00.682+05:30"
                    jcr:createdBy="admin"
                    jcr:lastModified="{Date}2022-08-18T19:04:00.682+05:30"
                    jcr:lastModifiedBy="admin"
                    jcr:primaryType="nt:unstructured"
                    sling:resourceType="united-strangers/components/container">
                    <navigationcomponent
                        jcr:created="{Date}2022-08-18T19:04:29.947+05:30"
                        jcr:createdBy="admin"
                        jcr:lastModified="{Date}2022-08-18T19:06:19.609+05:30"
                        jcr:lastModifiedBy="admin"
                        jcr:primaryType="nt:unstructured"
                        sling:resourceType="united-strangers/components/navigationComponent"
                        parentpath="/content/united-strangers/language-masters/en/Requirements"/>
                    <cq:responsive jcr:primaryType="nt:unstructured">
                        <default
                            jcr:primaryType="nt:unstructured"
                            offset="1"
                            width="6"/>
                    </cq:responsive>
                </container_1647743587>
                <container_1745854950
                    jcr:created="{Date}2022-08-18T19:04:00.774+05:30"
                    jcr:createdBy="admin"
                    jcr:lastModified="{Date}2022-08-18T19:04:00.774+05:30"
                    jcr:lastModifiedBy="admin"
                    jcr:primaryType="nt:unstructured"
                    sling:resourceType="united-strangers/components/container">
                    <cq:responsive jcr:primaryType="nt:unstructured">
                        <default
                            jcr:primaryType="nt:unstructured"
                            offset="1"
                            width="2"/>
                    </cq:responsive>
                    <search
                        jcr:created="{Date}2022-08-18T19:09:03.165+05:30"
                        jcr:createdBy="admin"
                        jcr:lastModified="{Date}2022-08-18T19:09:03.165+05:30"
                        jcr:lastModifiedBy="admin"
                        jcr:primaryType="nt:unstructured"
                        sling:resourceType="united-strangers/components/search"/>
                </container_1745854950>
            </responsivegrid>
        </root>
    </jcr:content>
</jcr:root>
