<?xml version="1.0" encoding="UTF-8"?>
<jcr:root xmlns:sling="http://sling.apache.org/jcr/sling/1.0" xmlns:cq="http://www.day.com/jcr/cq/1.0" xmlns:jcr="http://www.jcp.org/jcr/1.0" xmlns:nt="http://www.jcp.org/jcr/nt/1.0"
    jcr:primaryType="cq:Page">
    <jcr:content
        cq:lastModified="{Date}2022-08-21T01:55:21.773+05:30"
        cq:lastModifiedBy="admin"
        cq:styleIds="[1661011742352]"
        cq:tags="[unitedstrangers:pages/text,unitedstrangers:pages/images,unitedstrangers:pages,unitedstrangers:vehicles/cars,unitedstrangers:festivals/movie]"
        cq:template="/conf/united-strangers/settings/wcm/templates/content-page"
        jcr:primaryType="cq:PageContent"
        jcr:title="MSM"
        sling:resourceType="united-strangers/components/page">
        <root
            jcr:primaryType="nt:unstructured"
            sling:resourceType="united-strangers/components/container"
            layout="responsiveGrid">
            <container
                jcr:primaryType="nt:unstructured"
                sling:resourceType="united-strangers/components/container"
                layout="responsiveGrid">
                <separator
                    jcr:created="{Date}2022-08-21T00:07:54.988+05:30"
                    jcr:createdBy="admin"
                    jcr:lastModified="{Date}2022-08-21T00:07:54.988+05:30"
                    jcr:lastModifiedBy="admin"
                    jcr:primaryType="nt:unstructured"
                    sling:resourceType="united-strangers/components/separator"/>
                <separator_260697452
                    jcr:created="{Date}2022-08-21T00:08:06.701+05:30"
                    jcr:createdBy="admin"
                    jcr:lastModified="{Date}2022-08-21T00:08:06.701+05:30"
                    jcr:lastModifiedBy="admin"
                    jcr:primaryType="nt:unstructured"
                    sling:resourceType="united-strangers/components/separator"/>
                <title
                    jcr:created="{Date}2022-08-21T00:07:45.280+05:30"
                    jcr:createdBy="admin"
                    jcr:lastModified="{Date}2022-08-21T00:07:45.280+05:30"
                    jcr:lastModifiedBy="admin"
                    jcr:primaryType="nt:unstructured"
                    sling:resourceType="united-strangers/components/title">
                    <cq:responsive jcr:primaryType="nt:unstructured">
                        <default
                            jcr:primaryType="nt:unstructured"
                            offset="5"
                            width="7"/>
                    </cq:responsive>
                </title>
                <text
                    jcr:created="{Date}2022-08-21T00:07:36.186+05:30"
                    jcr:createdBy="admin"
                    jcr:lastModified="{Date}2022-08-21T00:10:46.542+05:30"
                    jcr:lastModifiedBy="admin"
                    jcr:primaryType="nt:unstructured"
                    sling:resourceType="united-strangers/components/text"
                    text="&lt;ol>&#xd;&#xa;&lt;li>Language Copy:Language copy is used to create the replica of content to any language.&lt;/li>&#xd;&#xa;&lt;li>Live Copy:A Live Copy is&amp;nbsp;&lt;b>a copy of specific site content for which a live relationship with the original source is maintained&lt;/b>.&lt;/li>&#xd;&#xa;&lt;/ol>&#xd;&#xa;&lt;p>&amp;nbsp;&lt;/p>&#xd;&#xa;"
                    textIsRich="true"/>
                <image
                    jcr:created="{Date}2022-08-21T00:40:08.246+05:30"
                    jcr:createdBy="admin"
                    jcr:lastModified="{Date}2022-08-21T00:41:06.715+05:30"
                    jcr:lastModifiedBy="admin"
                    jcr:primaryType="nt:unstructured"
                    sling:resourceType="united-strangers/components/image"
                    fileReference="/content/dam/united-strangers/United strangers.png"
                    imageFromPageImage="false">
                    <cq:responsive jcr:primaryType="nt:unstructured">
                        <default
                            jcr:primaryType="nt:unstructured"
                            offset="3"
                            width="6"/>
                    </cq:responsive>
                </image>
            </container>
        </root>
    </jcr:content>
</jcr:root>
