<?xml version="1.0" encoding="UTF-8"?>
<jcr:root xmlns:sling="http://sling.apache.org/jcr/sling/1.0" xmlns:cq="http://www.day.com/jcr/cq/1.0" xmlns:jcr="http://www.jcp.org/jcr/1.0" xmlns:nt="http://www.jcp.org/jcr/nt/1.0"
    jcr:primaryType="cq:Page">
    <jcr:content
        cq:lastModified="{Date}2022-08-18T20:05:50.178+05:30"
        cq:lastModifiedBy="admin"
        cq:tags="[experience-fragments:variation/web]"
        cq:template="/conf/united-strangers/settings/wcm/templates/xf-web-variation"
        cq:xfMasterVariation="{Boolean}true"
        cq:xfVariantType="web"
        jcr:description="this is a footer EF."
        jcr:primaryType="cq:PageContent"
        jcr:title="Custom Footer fragment"
        sling:resourceType="united-strangers/components/xfpage">
        <root
            jcr:primaryType="nt:unstructured"
            sling:resourceType="united-strangers/components/container"
            layout="responsiveGrid">
            <separator
                jcr:created="{Date}2022-08-17T11:50:17.201+05:30"
                jcr:createdBy="admin"
                jcr:lastModified="{Date}2022-08-17T11:50:17.201+05:30"
                jcr:lastModifiedBy="admin"
                jcr:primaryType="nt:unstructured"
                sling:resourceType="united-strangers/components/separator">
                <cq:responsive jcr:primaryType="nt:unstructured">
                    <default
                        jcr:primaryType="nt:unstructured"
                        offset="0"
                        width="12"/>
                </cq:responsive>
            </separator>
            <separator_1940656699
                jcr:created="{Date}2022-08-17T15:54:54.781+05:30"
                jcr:createdBy="admin"
                jcr:lastModified="{Date}2022-08-17T15:54:54.781+05:30"
                jcr:lastModifiedBy="admin"
                jcr:primaryType="nt:unstructured"
                sling:resourceType="united-strangers/components/separator"/>
            <responsivegrid
                cq:styleIds="[1660833246667]"
                jcr:created="{Date}2022-08-18T19:52:02.362+05:30"
                jcr:createdBy="admin"
                jcr:lastModified="{Date}2022-08-18T19:52:02.362+05:30"
                jcr:lastModifiedBy="admin"
                jcr:primaryType="nt:unstructured"
                sling:resourceType="wcm/foundation/components/responsivegrid">
                <cq:responsive jcr:primaryType="nt:unstructured"/>
                <container
                    jcr:created="{Date}2022-08-17T15:12:29.464+05:30"
                    jcr:createdBy="admin"
                    jcr:lastModified="{Date}2022-08-17T15:12:29.464+05:30"
                    jcr:lastModifiedBy="admin"
                    jcr:primaryType="nt:unstructured"
                    sling:resourceType="united-strangers/components/container">
                    <cq:responsive jcr:primaryType="nt:unstructured">
                        <default
                            jcr:primaryType="nt:unstructured"
                            offset="0"
                            width="3"/>
                    </cq:responsive>
                    <title
                        cq:styleIds="[1660729984596]"
                        jcr:created="{Date}2022-08-17T15:21:48.259+05:30"
                        jcr:createdBy="admin"
                        jcr:lastModified="{Date}2022-08-17T15:21:59.268+05:30"
                        jcr:lastModifiedBy="admin"
                        jcr:primaryType="nt:unstructured"
                        jcr:title="ABOUT US"
                        sling:resourceType="united-strangers/components/title"
                        linkTarget="_self"
                        type="h2"/>
                    <separator
                        jcr:created="{Date}2022-08-17T15:55:16.469+05:30"
                        jcr:createdBy="admin"
                        jcr:lastModified="{Date}2022-08-17T15:55:16.469+05:30"
                        jcr:lastModifiedBy="admin"
                        jcr:primaryType="nt:unstructured"
                        sling:resourceType="united-strangers/components/separator"/>
                    <text
                        cq:styleIds="[1660832854294]"
                        jcr:created="{Date}2022-08-17T15:28:35.359+05:30"
                        jcr:createdBy="admin"
                        jcr:lastModified="{Date}2022-08-17T15:35:31.056+05:30"
                        jcr:lastModifiedBy="admin"
                        jcr:primaryType="nt:unstructured"
                        sling:resourceType="united-strangers/components/text"
                        text="&lt;p>1.Nazia Irfan&lt;/p>&#xd;&#xa;&lt;p>2.Raman kumar&lt;/p>&#xd;&#xa;&lt;p>3.Jyotiswarup Jena&lt;/p>&#xd;&#xa;&lt;p>4.Mukesh Yadav&lt;/p>&#xd;&#xa;&lt;p>5.Abhisek Vasisth&lt;/p>&#xd;&#xa;"
                        textIsRich="true">
                        <cq:responsive jcr:primaryType="nt:unstructured">
                            <default
                                jcr:primaryType="nt:unstructured"
                                offset="0"
                                width="3"/>
                        </cq:responsive>
                    </text>
                </container>
                <container_1786315443
                    jcr:created="{Date}2022-08-17T12:15:42.762+05:30"
                    jcr:createdBy="admin"
                    jcr:lastModified="{Date}2022-08-17T12:15:42.762+05:30"
                    jcr:lastModifiedBy="admin"
                    jcr:primaryType="nt:unstructured"
                    sling:resourceType="united-strangers/components/container">
                    <cq:responsive jcr:primaryType="nt:unstructured">
                        <default
                            jcr:primaryType="nt:unstructured"
                            offset="0"
                            width="5"/>
                    </cq:responsive>
                    <title
                        cq:styleIds="[1660729984596]"
                        jcr:created="{Date}2022-08-17T15:30:15.015+05:30"
                        jcr:createdBy="admin"
                        jcr:lastModified="{Date}2022-08-17T15:57:31.482+05:30"
                        jcr:lastModifiedBy="admin"
                        jcr:primaryType="nt:unstructured"
                        jcr:title="UNITED STRANGERS"
                        sling:resourceType="united-strangers/components/title"
                        linkTarget="_self"
                        linkURL="/content/united-strangers/language-masters/en/Requirements"
                        type="h2"/>
                    <separator
                        jcr:created="{Date}2022-08-17T15:55:31.175+05:30"
                        jcr:createdBy="admin"
                        jcr:lastModified="{Date}2022-08-17T15:55:31.175+05:30"
                        jcr:lastModifiedBy="admin"
                        jcr:primaryType="nt:unstructured"
                        sling:resourceType="united-strangers/components/separator"/>
                    <text
                        jcr:created="{Date}2022-08-17T14:12:32.696+05:30"
                        jcr:createdBy="admin"
                        jcr:lastModified="{Date}2022-08-17T15:49:34.185+05:30"
                        jcr:lastModifiedBy="admin"
                        jcr:primaryType="nt:unstructured"
                        sling:resourceType="united-strangers/components/text"
                        text="&lt;p>Cognizant Technology Solutions India Pvt.Ltd. #5/535, Old Mahabalipuram Road Okkiam-Thoraipakkam, &lt;/p>&#xd;&#xa;&lt;p>Chennai-600096&lt;/p>&#xd;&#xa;"
                        textIsRich="true">
                        <cq:responsive jcr:primaryType="nt:unstructured">
                            <default
                                jcr:primaryType="nt:unstructured"
                                offset="0"
                                width="5"/>
                        </cq:responsive>
                    </text>
                </container_1786315443>
                <container_1950495836
                    jcr:created="{Date}2022-08-17T15:12:56.914+05:30"
                    jcr:createdBy="admin"
                    jcr:lastModified="{Date}2022-08-17T15:12:56.914+05:30"
                    jcr:lastModifiedBy="admin"
                    jcr:primaryType="nt:unstructured"
                    sling:resourceType="united-strangers/components/container">
                    <cq:responsive jcr:primaryType="nt:unstructured">
                        <default
                            jcr:primaryType="nt:unstructured"
                            offset="0"
                            width="4"/>
                    </cq:responsive>
                    <title
                        cq:styleIds="[1660729984596]"
                        jcr:created="{Date}2022-08-17T15:20:17.452+05:30"
                        jcr:createdBy="admin"
                        jcr:lastModified="{Date}2022-08-17T15:20:48.485+05:30"
                        jcr:lastModifiedBy="admin"
                        jcr:primaryType="nt:unstructured"
                        jcr:title="CONTACT US"
                        sling:resourceType="united-strangers/components/title"
                        linkTarget="_self"
                        type="h2"/>
                    <separator
                        jcr:created="{Date}2022-08-17T15:55:42.587+05:30"
                        jcr:createdBy="admin"
                        jcr:lastModified="{Date}2022-08-17T15:55:42.587+05:30"
                        jcr:lastModifiedBy="admin"
                        jcr:primaryType="nt:unstructured"
                        sling:resourceType="united-strangers/components/separator"/>
                    <button
                        cq:styleIds="[1660721917901]"
                        jcr:created="{Date}2022-08-17T15:15:25.153+05:30"
                        jcr:createdBy="admin"
                        jcr:lastModified="{Date}2022-08-17T15:17:45.681+05:30"
                        jcr:lastModifiedBy="admin"
                        jcr:primaryType="nt:unstructured"
                        jcr:title="INSTAGRAM"
                        sling:resourceType="united-strangers/components/button"
                        linkTarget="_blank"
                        linkURL="https://www.instagram.com"/>
                    <button_564984206
                        cq:styleIds="[1660719494492]"
                        jcr:created="{Date}2022-08-17T15:15:31.468+05:30"
                        jcr:createdBy="admin"
                        jcr:lastModified="{Date}2022-08-17T15:18:23.581+05:30"
                        jcr:lastModifiedBy="admin"
                        jcr:primaryType="nt:unstructured"
                        jcr:title="YOUTUBE"
                        sling:resourceType="united-strangers/components/button"
                        linkTarget="_blank"
                        linkURL="https://youtube.com">
                        <cq:responsive jcr:primaryType="nt:unstructured">
                            <default
                                jcr:primaryType="nt:unstructured"
                                offset="1"
                                width="1"/>
                        </cq:responsive>
                    </button_564984206>
                    <button_586637079
                        cq:styleIds="[1660719481698]"
                        jcr:created="{Date}2022-08-17T15:16:04.745+05:30"
                        jcr:createdBy="admin"
                        jcr:lastModified="{Date}2022-08-17T15:19:18.765+05:30"
                        jcr:lastModifiedBy="admin"
                        jcr:primaryType="nt:unstructured"
                        jcr:title="FACEBOOK"
                        sling:resourceType="united-strangers/components/button"
                        linkTarget="_blank"
                        linkURL="https://facebook.com"/>
                    <button_859070444
                        cq:styleIds="[1660721573322]"
                        jcr:created="{Date}2022-08-17T15:16:28.329+05:30"
                        jcr:createdBy="admin"
                        jcr:lastModified="{Date}2022-08-17T15:19:37.599+05:30"
                        jcr:lastModifiedBy="admin"
                        jcr:primaryType="nt:unstructured"
                        jcr:title="twitter"
                        sling:resourceType="united-strangers/components/button"
                        linkTarget="_self"
                        linkURL="https://twitter.com"/>
                </container_1950495836>
                <text
                    cq:styleIds="[1660730802291]"
                    jcr:created="{Date}2022-08-17T12:08:34.488+05:30"
                    jcr:createdBy="admin"
                    jcr:lastModified="{Date}2022-08-17T14:36:01.382+05:30"
                    jcr:lastModifiedBy="admin"
                    jcr:primaryType="nt:unstructured"
                    sling:resourceType="united-strangers/components/text"
                    text="&lt;p>@Copyright 2022, United Strangers.&amp;nbsp;All rights reserved.&lt;/p>&#xd;&#xa;"
                    textIsRich="true">
                    <cq:responsive jcr:primaryType="nt:unstructured">
                        <default
                            jcr:primaryType="nt:unstructured"
                            offset="0"
                            width="12"/>
                    </cq:responsive>
                </text>
            </responsivegrid>
        </root>
    </jcr:content>
</jcr:root>
